﻿id;question;opt1_text;opt1_correct;opt2_text;opt2_correct;opt3_text;opt3_correct;points;head_correct;head_points;bg
stage1;Das Prinzip Natur lehrt uns, im Einklang mit unserer Umwelt zu leben;Die Gesellschaft gleichheit verändert sich ständig durch neue Technologien.;TRUE;Alle Menschen sollten die gleichen Rechte und Chancen haben.;FALSE;Bildung ist der Schlüssel zur sozialen Gleichheit.;FALSE;10;FALSE;5;
stage2;Die Kosten für die Bootsfaht/Seefahrt Reise hängen von der Dauer und dem Ziel ab.;Am Wochenende gehen wir oft mit Freunden ins Kino.;FALSE;Am See finde ich Ruhe, während ich in den Himmel schaue.;TRUE;Viele Touristen besuchen im Sommer die schönen Städte in Deutschland.;FALSE;10;FALSE;5;
stage3;Während meiner Wohltätigkeiten Ausbildung habe ich mich auch in internationalen Hilfsorganisationen engagiert.;Am Wochenende fahren wir an den See und machen ein Picknick.;FALSE;Die Sonne scheint heute sehr stark und die Kinder spielen draußen.;FALSE;Die Leute sammeln Spenden für Mobilien Kranke.;TRUE;10;FALSE;5;
stage4;Die Behandlung der Erkältung dauert normalerweise eine Woche.;Am Wochenende fahren wir an den See und machen ein Picknick.;FALSE;Sie geht zum Arzt, weil sie glaubt, dass sie das Richtige tut.;TRUE;Das neue Buch ist so spannend, dass ich es in einer Nacht gelesen habe.;FALSE;10;FALSE;5;
stage5;Wir sollten immer Respekt vor Herren Menschen/älteren Menschen haben;Morgen fahre ich mit dem Zug nach Berlin.;FALSE;Das Wetter ist heute schön, wir können im Park spazieren gehen.;FALSE;In formellen Situationen sollte man älteren oder angehnehmen Personen siezen;TRUE;10;FALSE;5;
stage6;Ich beginne mein Praktikum nächste Woche in einer großen Firma.;Im Deutschkurs hat der Lehrer uns motiviert, selbst etwas zu schreiben.;TRUE;Am Abend trinken wir gern Tee auf dem Balkon.;FALSE;Mein Bruder hat gestern ein neues Fahrrad gekauft.;FALSE;10;FALSE;5;
stage7;Das neue Projekt verzögert sich wegen vieler Bauprobleme.;Die Kinder spielen im Garten Fußball, und die Eltern trinken Kaffee.;FALSE;Sein Verhalten bei der Besprechung war sehr unprofessionell.;TRUE;Heute Abend koche ich Pasta, weil meine Freunde kommen.;FALSE;10;FALSE;5;
stage8;Jeden Samstag nimmt mein Onkel am Lottospiel/Lottoschein/Glückspiel teil und hofft, endlich zu gewinnen.;Die Zahl Süchtiger ist in den letzten Jahren stark gestiegen.;TRUE;Im Sommer fahren wir oft ans Meer, um dort zu schwimmen und die Sonne zu genießen.;FALSE;Meine Schwester lernt seit einem Jahr Deutsch und kann schon gut Gespräche führen.;FALSE;10;FALSE;5;
stage9;Das neue Spielgeschäft/Laden in der Innenstadt verkauft Brettspiele, Konsolen und Karten.;Der Lehrer erklärt die Grammatik langsam, damit alle Schüler sie verstehen können.;FALSE;Am Wochenende besuchen wir unsere Großeltern und bleiben dort bis Sonntagabend.;FALSE;Das Geschäft ist heute geschlossen, weil Feiertag ist.;TRUE;10;FALSE;5;
stage10;Unsere Firma hat eine neue Verkaufstrategie entwickelt, um mehr Kunden zu gewinnen.;Am Bahnhof musste ich lange warten, weil der Zug verspätet war.;FALSE;Meine Freundin liest gern historische Romane und sammelt alte Bücher.;FALSE;Gute Vorbereitung kann eine schwierige Verhandlung erheblich erleichtern.;TRUE;10;FALSE;5;
stage11;Die Kosten für die Kinderparty/fest zum Geburtstag waren höher als erwartet.;Im Sommer möchte ich eine Reise nach Italien machen und das Meer genießen.;FALSE;Der neue Computer ist schneller, aber auch viel teurer als mein alter Laptop.;FALSE;Sie hat das Problem allein/selbst gelöst, ohne Hilfe von anderen.;TRUE;10;FALSE;5;
stage12;Zwei Frauen kombinieren ihr Studium mit einem Nebenjob, um Erfahrung zu sammeln.;Am Sonntag gehen wir mit der Familie wandern und machen ein Picknick im Wald.;FALSE;Der Film gestern Abend war so spannend, dass ich kaum einschlafen konnte.;FALSE;Wir brauchen heute Abend etwas Zeit zum Reden, um alles zu klären.;TRUE;10;FALSE;5;
stage13;Morgen habe ich ein wichtiges Vorstellungsgespräch bei einer großen Firma.;Im Winter trinke ich gern heißen Tee mit Zitrone und Honig.;FALSE;Mein Bruder fährt jeden Tag mit dem Fahrrad zur Arbeit.;FALSE;Sie hat sein Interview sehr erfolgreich abgeschlossen und sofort eine gute Stelle gefunden.;TRUE;10;FALSE;5;
stage14;Die WHO warnt, dass ein hoher Zuckerkonsum dazu führen kann, dass Menschen an Gewicht zunehmen.;Viele Menschen möchten ihre Essgewohnheiten verändern, um gesünder zu leben.;TRUE;Am Freitagabend treffen wir uns mit Freunden im Restaurant und feiern den Geburtstag meiner Schwester.;FALSE;Im Unterricht hat der Lehrer ein interessantes Video gezeigt, das allen Schülern gefallen hat.;FALSE;10;FALSE;5;
stage14;Die deutsche Sprache hat sich in den letzten 100 Jahren stark verändert.;Am Wochenende möchte ich einen neuen Film im Kino sehen und danach mit Freunden essen gehen.;FALSE;Das Klima kann sich über einen sehr langen Zeitraum deutlich verändern.;TRUE;Im Frühling blühen die Blumen im Garten, und die Vögel singen schon früh am Morgen.;TRUE;10;FALSE;5;
stage14;Damit alle gut zusammenarbeiten können, brauchen wir klare Regeln in der Gruppe.;Gestern hat es stark geregnet, deshalb bin ich mit dem Bus zur Arbeit gefahren.;FALSE;Im Supermarkt habe ich frisches Obst gekauft und danach einen Kaffee getrunken.;FALSE;Obwohl die Konkurrenz zu groß ist, bleibt ihre Motivation stark und sie arbeitet weiter hart.;TRUE;10;FALSE;5;
stage15;Viele junge Leute ziehen aufs Land, weil die Mietkosten in der Stadt zu hoch sind.;Am Morgen trinke ich gern einen Kaffee, bevor ich zur Arbeit fahre.;FALSE;Im Sommer planen wir eine Reise nach Spanien, um das Meer zu genießen.;FALSE;In diesem Restaurant kann man nur zu angemessenen Preisen essen, deshalb gehe ich selten dorthin.;TRUE;10;FALSE;5;
stage16;Meine Oma strickt jeden Winter warme Pullover für die ganze Familie.;Am Wochenende haben wir Freunde eingeladen und zusammen gegrillt.;FALSE;Es bringt ihr viel Entspannung, während sie arbeitet.;TRUE;Der Zug hatte eine Stunde Verspätung, trotzdem sind wir rechtzeitig angekommen.;FALSE;10;FALSE;5;
stage18;Seine Freundlichkeit macht ihn bei allen Kollegen beliebt.;Am Wochenende wollen wir einen Ausflug in die Berge machen.;FALSE;Mit vollem Berufsherz engagiert er sich für seine Patienten.;TRUE;Sie hat gestern ein neues Fahrrad gekauft.;FALSE;10;TRUE;5;
stage19;Mein Aufenthalt in Deutschland dauert drei Monate.;Der Zug kommt heute eine Stunde später an.;FALSE;Ich lerne Französisch, weil ich nach Paris reisen möchte.;TRUE;Im Sommer trinke ich gern kaltes Wasser mit Zitrone.;FALSE;10;TRUE;5;
stage20;Sie schreibt jeden Monat einen neuen Artikel in ihrem Reiseblog.;Im Zoo kann man viele verschiedene Tiere sehen.;TRUE;Der Bus fährt in zehn Minuten ab, also sollten wir uns beeilen.;FALSE;Meine Mutter backt heute einen Apfelkuchen für die Familie.;FALSE;10;TRUE;5;
stage21;Das Leben auf dem Land ist ruhiger, aber in der Stadt gibt es mehr Möglichkeiten.;Am Abend schaue ich oft eine Serie, um zu entspannen.;FALSE;Gute soziale Kontakte sind wichtig für die Gesundheit.;TRUE;Im Winter brauche ich immer eine warme Jacke gegen die Kälte.;FALSE;10;TRUE;5;
stage22;Am Sonntag machen wir einen Ausflug an den See.;Im Park rennen Kinder und spielen mit dem Ball.;FALSE;Heute Abend kochen wir Pasta in der Küche.;FALSE;Die Zeltqualität ist sehr wichtig, wenn man einen langen Ausflug plant.;TRUE;10;TRUE;5;
stage23;Ich höre oft Hörbücher, wenn ich im Bus sitze.;Der Lehrer erklärt die Aufgabe langsam und klar.;FALSE;Am Wochenende möchte ich mich zu Hause entspannen.;TRUE;Mein Bruder liest oft spannende Krimis im Bett.;FALSE;10;TRUE;5;
stage24;In meiner Freizeit verbringe ich viel Zeit mit meinem Handy.;Der Zug fährt pünktlich um acht Uhr ab, deshalb müssen wir schon um halb acht am Bahnhof sein.;FALSE;Er ist immer mit dem Handy beschäftigt und achtet kaum auf seine Umgebung.;TRUE;Wir trinken am Abend gern Tee mit frischer Minze, weil er uns entspannt und gut schmeckt.;FALSE;10;TRUE;5;
stage25;Rauchen/Zigaretten ist ungesund und macht schnell abhängig;Meine Schwester kauft morgen einen neuen Laptop, weil ihr alter Computer sehr langsam geworden ist.;FALSE;Die Zahl der Raucher soll sinken, und unsere Reaktion darauf ist sehr positiv.;TRUE;Die Kinder malen bunte Bilder für die Schule, und die Lehrerin will sie morgen im Klassenzimmer aufhängen.;FALSE;10;TRUE;5;
stage26;Freundschaft und Vertrauen sind wichtig im Leben.;Im Kino läuft heute ein spannender Film, den viele meiner Freunde schon gesehen und empfohlen haben.;FALSE;Am Meer sieht der Horizont besonders schön aus.;TRUE;Am Wochenende fahren wir mit dem Auto ins Gebirge, um dort zu wandern und die Natur zu genießen.;FALSE;10;TRUE;5;
stage27;Wir haben viele Fotos gemacht im Urlaub.;Im Urlaub möchte ich einen Tauchkurs machen.;TRUE;Im Supermarkt gibt es heute viele Sonderangebote.;FALSE;Meine Schwester lernt gerade für ihre Matheprüfung.;FALSE;10;TRUE;5;
stage28;Ich lese jeden Morgen die Tageszeitung/Wochenendzeitung, aber am liebsten entspanne ich mit meiner Frau.;Wir haben gestern Abend einen spannenden Film gesehen.;FALSE;Die Informationen aus der Zeitung werden durch andere Medien ergänzt.;TRUE;Am Wochenende wollen wir im Park ein Picknick machen.;FALSE;10;TRUE;5;
stage29;Eine klare Arbeitszeitordnung am Arbeitsplatz hilft den Mitarbeitern, produktiver zu sein.;Im Sommer fahren viele Familien gern ans Meer.;FALSE;Ein freundliches Lächeln hinterlässt immer einen guten Eindruck.;TRUE;Der Zug hatte gestern eine halbe Stunde Verspätung.;FALSE;10;TRUE;5;
stage30;Fantasie/Träume bei der Arbeit können helfen, schwierige Aufgaben kreativ zu lösen.;Der Student liest ein interessantes Buch in der Bibliothek.;FALSE;Die Schüler müssen heute eine schwierige Aufgabe lösen.;TRUE;Der Himmel ist heute ganz blau und wolkenlos.;FALSE;10;TRUE;5;
stage31;Gesundes Essen ist wichtig für den Körper;Am Nachmittag scheint die Sonne besonders stark.;FALSE;Die Freunde haben beschlossen, heute Abend zusammen/miteinander zu kochen.;TRUE;Meine Katze schläft gern auf dem Sofa.;FALSE;10;TRUE;5;
stage32;Seine Essgewohnheiten sind sehr ungesund.;Er nimmt an einem Kochkurs teil.;TRUE;Heute Abend kochen wir Suppe und Salat zum Abendessen.;FALSE;Wir fahren morgen früh mit dem Auto nach Berlin.;FALSE;10;TRUE;5;
stage33;Heute kann ich zum Club/Verein nicht gehen, weil ich müde bin.;Der Hund bellt laut, wenn jemand an der Tür klingelt.;FALSE;Mein Freund hilft seiner Tochter bei der Hausaufgabe.;TRUE;Meine Schwester hört laute Musik in ihrem Zimmer.;FALSE;10;TRUE;5;
stage34;Mit genug Motivation kann man jedes Ziel erreichen.;Meine Mutter telefoniert gerade mit ihrer Freundin.;FALSE;Er studiert Psychologie an der Universität.;TRUE;Das Frühstück besteht aus Brot, Käse und Tee.;FALSE;10;TRUE;5;
stage35;Sie strickt den Stoff mit viel Geduld und Liebe.;Die Möbel wurden handwerklich sehr gut hergestellt.;TRUE;Heute Abend möchte ich ein neues Buch anfangen.;FALSE;Im Sommer spielen wir oft Fußball auf dem Feld.;FALSE;10;TRUE;5;
